<blocks>
<append xpath="/blocks">
<block name="wallTorchLightPlayer">
	<property name="Extends" value="wallTorchLight"/>
	<property name="Model" value="Entities/Lighting/torch_wall_playerPrefab"/>
	<property name="StabilitySupport" value="false"/>
	<property name="CreativeMode" value="Player"/>
	<property name="CustomIcon" value="wallTorchLight"/>
	<property name="Stacknumber" value="50"/>
	<property name="Class" value="TorchHeatMap"/>
	<property name="HeatMapStrength" value="0.0"/>
	<property name="HeatMapTime" value="1200"/> <!-- str1, t600, f5 = 2.5; str1, t900, f5 = 4; str4.05, t1200, f15 = 4.05-8.1; -->
	<property name="HeatMapFrequency" value="15"/>
	<property name="DescriptionKey" value="torchPlayerGroupDesc"/>
</block>
<block name="candleWallLightPlayer">
	<property name="Extends" value="candleWallLight"/>
	<property name="Model" value="Entities/Lighting/candle_wall_playerPrefab"/>
	<property name="StabilitySupport" value="false"/>
	<property name="CreativeMode" value="Player"/>
	<property name="CustomIcon" value="candleWallLight"/>
	<property name="Stacknumber" value="50"/>
	<property name="Class" value="TorchHeatMap"/>
	<property name="HeatMapStrength" value="0.0"/>
	<property name="HeatMapTime" value="1200"/>
	<property name="HeatMapFrequency" value="15"/>
	<property name="DescriptionKey" value="torchPlayerGroupDesc"/>
</block>
</append>